State,pepnumber,Start,End,Sequence,Charge,30s_1,30s_2,30s_3,30s_4,60s_1,60s_2,60s_3,60s_4,800s_1,800s_2,800s_3,800s_4,2500s_1,2500s_2,2500s_3,2500s_4
NIST mAb pH 6,,5,11,RESGPAL,1,3.5,3.5,3.5,3.5,-1.8,-1.8,-1.8,-1.8,2.359,2.183,2.051,2.311,2.056,2.322,2.457,2.274
NIST mAb pH 6,,5,19,RESGPALVKPTQTLT,3,3.463,3.458,3.405,3.415,4.028,4.102,4.141,4.028,4.866,4.908,4.813,4.867,5.167,5.28,5.252,5.183
NIST mAb pH 6,,5,20,RESGPALVKPTQTLTL,3,3.454,3.215,3.314,3.362,3.896,3.915,3.966,3.99,4.452,4.427,4.483,4.264,4.945,4.682,4.749,4.822
NIST mAb pH 6,,21,26,TCTFSG,1,NA,NA,NA,NA,1.597,NA,NA,NA,1.417,1.846,1.869,NA,NA,NA,NA,2.006
NIST mAb pH 6,,27,50,FSLSTAGMSVGWIRQPPGKALEWL,3,4.604,4.726,4.631,4.449,5.184,5.229,5.329,5.31,5.641,5.697,5.658,5.702,6.029,6.088,6.16,6.118
NIST mAb pH 6,,28,50,SLSTAGMSVGWIRQPPGKALEWL,3,4.051,3.861,3.946,3.79,4.304,4.43,4.505,4.576,5.112,5.045,5.033,5.049,5.229,5.343,5.301,5.422
NIST mAb pH 6,,35,50,SVGWIRQPPGKALEWL,3,2.299,2.225,2.208,2.22,2.65,2.721,2.756,2.711,3.039,3.023,3.035,3.053,3.138,3.142,3.146,3.118
NIST mAb pH 6,,35,52,SVGWIRQPPGKALEWLAD,3,2.596,2.463,2.333,2.557,2.975,3.127,3.143,3.046,2.878,3.15,3.201,3.028,3.183,2.85,3.077,3.078
NIST mAb pH 6,,36,47,VGWIRQPPGKAL,3,2.323,2.013,1.966,1.891,2.006,2.153,2.26,2.227,2.305,2.558,2.061,2.283,2.354,2.23,2.562,2.173
NIST mAb pH 6,,36,48,VGWIRQPPGKALE,3,2.207,2.045,2.152,2.002,2.204,2.332,2.34,2.173,2.213,2.341,2.163,2.3,2.204,2.187,2.445,2.266
NIST mAb pH 6,,36,50,VGWIRQPPGKALEWL,3,2.153,2.165,2.121,2.144,2.524,2.551,2.448,2.629,2.892,2.953,2.833,2.88,2.975,3.007,3.079,3.009
NIST mAb pH 6,,38,50,WIRQPPGKALEWL,3,2.006,1.955,2.035,2.07,2.361,2.328,2.7,2.321,2.542,2.564,2.563,2.77,2.73,2.913,2.516,2.811
NIST mAb pH 6,,39,50,IRQPPGKALEWL,3,2.538,2.444,2.427,2.249,2.718,2.737,2.915,2.783,2.845,3.1,2.952,3.247,3.28,3.077,2.866,3.072
NIST mAb pH 6,,47,50,LEWL,1,0.446,0.295,0.446,0.287,0.523,0.529,0.654,0.584,0.859,0.863,0.835,0.911,0.914,0.926,0.931,0.907
NIST mAb pH 6,,47,54,LEWLADIW,1,1.519,1.49,1.402,1.36,1.65,1.709,1.701,1.722,2.335,2.348,2.33,2.355,2.944,2.986,2.967,2.96
NIST mAb pH 6,,49,52,WLAD,1,0.286,0.273,0.257,0.264,0.244,0.26,0.31,0.277,0.218,0.265,0.298,0.269,0.271,0.174,0.27,0.218
NIST mAb pH 6,,49,65,WLADIWWDDKKHYNPSL,4,1.986,1.851,1.952,1.834,2.1,1.927,2.162,2.048,2.394,2.491,2.251,2.402,2.477,2.676,2.73,2.491
NIST mAb pH 6,,49,69,WLADIWWDDKKHYNPSLKDRL,5,2.442,2.035,2.151,2.086,2.789,3.232,3.036,2.789,3.734,3.795,3.783,3.824,4.546,4.661,4.48,4.915
NIST mAb pH 6,,51,65,ADIWWDDKKHYNPSL,4,2.054,1.963,1.831,1.802,2.318,2.24,2.268,2.112,2.446,2.595,2.212,2.334,2.56,2.752,2.687,2.687
NIST mAb pH 6,,51,69,ADIWWDDKKHYNPSLKDRL,4,2.551,2.378,2.392,2.165,3.495,3.284,3.229,2.899,3.954,4.014,3.899,3.825,5.201,4.858,4.946,4.993
NIST mAb pH 6,,53,65,IWWDDKKHYNPSL,3,2.286,2.391,2.388,2.265,2.371,2.37,2.549,2.52,2.902,2.791,2.53,2.503,3.053,2.925,3.096,2.764
NIST mAb pH 6,,53,69,IWWDDKKHYNPSLKDRL,4,2.62,2.263,2.373,2.368,2.866,2.855,2.989,2.922,3.792,3.955,3.868,3.803,4.885,4.827,4.656,4.775
NIST mAb pH 6,,66,82,KDRLTISKDTSKNQVVL,4,4.296,4.208,4.157,4.068,4.421,4.572,4.676,4.527,5.097,5.166,5.07,5.134,5.813,5.882,5.903,5.893
NIST mAb pH 6,,68,82,RLTISKDTSKNQVVL,3,3.503,3.759,3.653,3.615,3.796,3.89,3.993,4.111,3.963,4.104,4.043,4.168,4.466,4.74,4.532,4.612
NIST mAb pH 6,,70,82,TISKDTSKNQVVL,3,3.518,3.431,3.437,3.429,3.53,3.599,3.723,3.609,3.789,3.855,3.754,3.784,4.133,4.116,4.142,4.167
NIST mAb pH 6,,83,94,KVTNMDPADTAT,1,1.486,1.381,1.282,1.211,1.496,1.477,1.427,1.518,1.715,1.709,1.819,1.745,1.679,1.788,1.934,1.961
NIST mAb pH 6,,95,105,YYCARDMIFNF,2,1.666,1.64,1.531,1.3,1.943,1.964,1.744,2.007,1.848,2.436,2.019,2.15,2.613,1.976,2.605,2.677
NIST mAb pH 6,,97,105,CARDMIFNF,2,1.286,1.351,1.196,1.098,1.194,1.532,1.328,1.289,1.572,2.049,2.072,1.855,2.3,2.015,2.32,2.27
NIST mAb pH 6,,101,105,MIFNF,1,1.376,1.395,1.243,1.222,1.384,1.407,1.392,1.38,1.559,1.616,1.645,1.566,1.748,1.83,1.79,1.889
NIST mAb pH 6,,120,140,SASTKGPSVFPLAPSSKSTSG,3,5.328,5.198,5.228,5.172,5.406,5.472,5.58,5.483,5.486,5.516,5.467,5.525,5.672,5.71,5.7,5.692
NIST mAb pH 6,,130,145,PLAPSSKSTSGGTAAL,2,5.973,5.267,5.727,5.363,5.321,5.593,5.675,5.567,5.989,6.082,5.813,5.771,6.187,6.558,6.625,6.315
NIST mAb pH 6,,148,158,LVKDYFPEPVT,2,1.013,0.986,0.913,0.918,1.151,1.171,1.066,1.138,1.572,1.526,1.578,1.555,1.853,1.884,1.858,1.829
NIST mAb pH 6,,148,177,LVKDYFPEPVTVSWNSGALTSGVHTFPAVL,3,8.164,7.873,7.866,7.799,9.086,9.277,9.351,9.033,10.599,10.613,10.146,10.676,11.16,11.21,11.139,11.198
NIST mAb pH 6,,149,158,VKDYFPEPVT,2,0.691,0.706,0.662,0.685,0.871,0.902,0.923,0.899,1.378,1.355,1.356,1.359,1.701,1.706,1.693,1.7
NIST mAb pH 6,,149,161,VKDYFPEPVTVSW,2,2.467,2.166,1.925,2.207,2.526,2.832,2.679,2.627,3.34,3.442,3.106,3.202,3.488,3.498,3.936,3.388
NIST mAb pH 6,,149,177,VKDYFPEPVTVSWNSGALTSGVHTFPAVL,3,7.899,7.767,7.773,7.707,9.069,9.181,9.353,9.21,10.56,10.777,10.333,10.392,11.222,11.102,11.228,11.237
NIST mAb pH 6,,149,182,VKDYFPEPVTVSWNSGALTSGVHTFPAVLQSSGL,4,8.874,9.037,9.041,8.638,9.958,10.23,10.319,10.318,11.66,11.738,11.393,11.754,12.475,12.826,12.855,12.608
NIST mAb pH 6,,159,177,VSWNSGALTSGVHTFPAVL,3,6.537,6.364,6.415,6.289,7.318,7.471,7.36,7.184,8.083,8.052,7.955,8.229,8.654,8.611,8.797,8.63
NIST mAb pH 6,,159,182,VSWNSGALTSGVHTFPAVLQSSGL,3,8.38,7.726,7.958,7.667,9.096,8.921,8.889,9.275,9.408,10.032,10.058,10.096,10.38,10.65,10.475,10.643
NIST mAb pH 6,,162,177,NSGALTSGVHTFPAVL,2,5.885,5.734,5.813,5.625,6.411,6.433,6.667,6.595,7.039,7.059,7.088,7.197,7.247,7.316,7.41,7.207
NIST mAb pH 6,,166,177,LTSGVHTFPAVL,2,2.499,2.748,2.504,2.365,2.759,2.93,3.215,3.169,3.481,3.405,3.028,3.15,3.34,3.346,3.387,3.269
NIST mAb pH 6,,167,177,TSGVHTFPAVL,2,2.332,2.209,2.274,2.198,2.568,2.622,2.729,2.61,2.815,2.914,2.764,2.87,2.895,2.952,2.896,2.907
NIST mAb pH 6,,171,177,HTFPAVL,2,1.408,1.256,1.315,1.3,1.392,1.441,1.58,1.541,1.536,1.584,1.625,1.686,1.622,1.698,1.661,1.671
NIST mAb pH 6,,178,182,QSSGL,1,1.121,1.125,1.109,1.078,1.334,1.34,1.331,1.335,1.628,1.592,1.618,1.606,1.604,1.682,1.664,1.644
NIST mAb pH 6,,183,187,YSLSS,1,0.22,0.209,0.223,0.215,0.231,0.219,0.226,0.217,0.216,0.23,0.234,0.228,0.229,0.246,0.238,0.238
NIST mAb pH 6,,183,188,YSLSSV,1,0.26,0.262,0.231,0.243,0.251,0.279,0.23,0.306,0.283,0.281,0.292,0.276,0.28,0.298,0.297,0.282
NIST mAb pH 6,,183,196,YSLSSVVTVPSSSL,2,2.981,2.795,2.919,2.862,3.013,3.016,3.085,3.105,3.129,3.217,3.188,3.062,3.224,3.21,3.165,3.255
NIST mAb pH 6,,183,200,YSLSSVVTVPSSSLGTQT,2,6.855,7.155,6.805,7.454,7.14,6.964,7.404,7.4,6.782,6.821,6.849,6.874,6.691,6.514,6.644,6.649
NIST mAb pH 6,,186,200,SSVVTVPSSSLGTQT,1,6.093,5.958,6.077,5.917,6.355,6.204,6.105,6.127,6.497,6.34,5.757,6.036,6.112,6.312,6.654,6.22
NIST mAb pH 6,,188,196,VVTVPSSSL,1,3.013,2.985,2.959,2.956,3.071,3.114,3.13,3.081,3.143,3.11,3.076,3.098,3.106,3.116,3.153,3.151
NIST mAb pH 6,,188,200,VVTVPSSSLGTQT,2,5.845,5.79,5.741,5.679,5.812,5.907,5.911,5.869,5.854,5.87,5.797,5.854,5.92,5.94,5.915,5.915
NIST mAb pH 6,,188,201,VVTVPSSSLGTQTY,2,5.22,5.117,5.062,4.942,5.342,5.516,5.509,5.303,5.608,5.916,5.841,5.856,6.077,6.093,6.189,6.085
NIST mAb pH 6,,189,196,VTVPSSSL,1,2.828,2.828,2.826,2.784,2.907,2.964,2.954,2.899,2.934,2.977,2.939,2.939,2.988,2.935,2.975,2.985
NIST mAb pH 6,,189,200,VTVPSSSLGTQT,1,5.992,5.944,5.93,5.874,5.98,6.05,6.09,6.035,6.012,6.015,5.983,6.025,6.031,6.083,6.056,6.072
NIST mAb pH 6,,189,201,VTVPSSSLGTQTY,2,6.998,6.632,6.658,6.974,7.131,6.62,6.849,7.16,6.986,6.706,7.388,7.005,6.939,7.03,7.311,7.001
NIST mAb pH 6,,201,212,YICNVNHKPSNT,2,5.78,5.689,5.674,5.605,6.095,6.205,6.238,6.149,6.703,6.692,6.631,6.664,6.948,7.013,7.002,6.988
NIST mAb pH 6,,201,237,YICNVNHKPSNTKVDKRVEPKSCDKTHTCPPCPAPEL,4,8.336,7.678,7.745,8.495,7.752,8.221,8.969,8.374,7.869,8.009,8.201,8.475,8.553,8.922,9.332,8.881
NIST mAb pH 6,,201,243,YICNVNHKPSNTKVDKRVEPKSCDKTHTCPPCPAPELLGGPSV,5,9.365,8.7,9.411,8.498,9.026,8.873,9.634,9.651,9.05,9.586,9.088,9.818,9.977,10.036,9.69,10.168
NIST mAb pH 6,,225,237,KTHTCPPCPAPEL,3,3.332,3.299,3.206,3.301,3.135,3.413,3.632,3.309,3.175,3.267,3.259,3.295,3.419,3.255,3.324,3.205
NIST mAb pH 6,,238,243,LGGPSV,1,1.395,1.363,1.369,1.341,1.476,1.504,1.529,1.5,1.868,1.861,1.847,1.867,2.21,2.212,2.208,2.205
NIST mAb pH 6,,238,244,LGGPSVF,1,1.058,1.011,1.022,0.989,1.112,1.157,1.177,1.155,1.49,1.502,1.484,1.505,1.833,1.843,1.834,1.836
NIST mAb pH 6,,238,254,LGGPSVFLFPPKPKDTL,3,2.401,2.297,2.36,2.346,2.887,2.943,3.053,2.999,4.211,4.166,4.145,4.235,5.002,5.019,5.017,4.962
NIST mAb pH 6,,238,255,LGGPSVFLFPPKPKDTLM,3,2.507,2.422,2.445,2.412,3.084,3.135,3.184,3.137,4.478,4.474,4.462,4.495,5.552,5.578,5.553,5.544
NIST mAb pH 6,,244,254,FLFPPKPKDTL,3,1.546,1.522,1.529,1.522,1.818,1.831,1.851,1.84,2.418,2.419,2.411,2.432,2.978,2.998,2.986,2.986
NIST mAb pH 6,,244,255,FLFPPKPKDTLM,3,1.603,1.576,1.593,1.567,1.922,1.932,1.968,1.932,2.672,2.676,2.663,2.684,3.397,3.412,3.409,3.41
NIST mAb pH 6,,245,254,LFPPKPKDTL,3,1.556,1.526,1.536,1.537,1.844,1.844,1.874,1.845,2.466,2.464,2.456,2.477,3.031,3.055,3.039,3.037
NIST mAb pH 6,,245,255,LFPPKPKDTLM,3,1.625,1.591,1.608,1.591,1.944,1.963,1.997,1.957,2.738,2.737,2.724,2.736,3.475,3.504,3.491,3.48
NIST mAb pH 6,,247,254,PPKPKDTL,2,1.513,1.455,1.528,1.487,1.77,1.773,1.81,1.787,2.337,2.327,2.361,2.381,2.861,2.883,2.885,2.869
NIST mAb pH 6,,247,255,PPKPKDTLM,2,1.454,1.432,1.426,1.417,1.732,1.746,1.753,1.735,2.404,2.408,2.398,2.404,3.058,3.087,3.056,3.054
NIST mAb pH 6,,255,263,MISRTPEVT,2,2.291,2.314,2.311,2.258,2.46,2.547,2.496,2.451,2.537,2.566,2.541,2.548,2.644,2.664,2.643,2.628
NIST mAb pH 6,,255,264,MISRTPEVTC,1,2.405,2.654,2.571,2.509,2.753,2.655,2.651,2.611,3.017,2.708,2.639,2.708,2.925,2.946,3.02,2.754
NIST mAb pH 6,,255,265,MISRTPEVTCV,2,2.104,2.091,2.092,2.025,2.187,2.234,2.279,2.251,2.24,2.283,2.258,2.295,2.317,2.344,2.326,2.34
NIST mAb pH 6,,256,263,ISRTPEVT,1,1.65,1.769,1.698,1.801,1.782,1.788,1.824,1.847,1.977,1.97,1.871,1.907,2.054,1.922,2.009,2.021
NIST mAb pH 6,,256,264,ISRTPEVTC,2,1.771,1.735,1.739,1.721,1.882,1.914,1.92,1.893,1.953,1.967,1.948,1.972,2.047,2.054,2.04,2.049
NIST mAb pH 6,,256,265,ISRTPEVTCV,2,1.541,1.513,1.521,1.482,1.641,1.677,1.699,1.651,1.687,1.706,1.699,1.722,1.774,1.779,1.785,1.751
NIST mAb pH 6,,264,280,CVVVDVSHEDPEVKFNW,3,2.986,2.9,2.909,2.942,3.478,3.495,3.571,3.489,4.066,4.063,4.077,4.111,4.416,4.466,4.433,4.505
NIST mAb pH 6,,265,268,VVVD,1,0.939,0.933,0.925,0.923,0.935,0.94,0.948,0.937,0.938,0.928,0.935,0.935,0.938,0.936,0.941,0.941
NIST mAb pH 6,,265,278,VVVDVSHEDPEVKF,3,2.798,2.642,2.687,2.637,3.057,3.134,3.171,3.207,3.662,3.592,3.636,3.691,3.915,3.905,4.051,3.936
NIST mAb pH 6,,265,280,VVVDVSHEDPEVKFNW,3,2.817,2.742,2.772,2.755,3.297,3.314,3.384,3.351,3.873,3.866,3.874,3.894,4.255,4.252,4.252,4.238
NIST mAb pH 6,,266,280,VVDVSHEDPEVKFNW,3,2.9,2.813,2.838,2.806,3.347,3.375,3.446,3.384,3.879,3.867,3.877,3.9,4.208,4.224,4.246,4.221
NIST mAb pH 6,,267,280,VDVSHEDPEVKFNW,3,2.739,2.675,2.699,2.676,3.132,3.133,3.201,3.141,3.597,3.581,3.518,3.649,3.819,3.884,3.853,3.824
NIST mAb pH 6,,269,280,VSHEDPEVKFNW,3,2.232,2.187,2.2,2.177,2.539,2.576,2.611,2.579,2.791,2.798,2.78,2.812,2.958,2.961,2.966,2.955
NIST mAb pH 6,,290,314,AKTKPREEQYN*STYRVVSVLTVLHQ,4,7.788,7.54,7.578,7.431,8.194,8.298,8.52,8.343,9.778,9.772,9.755,9.818,10.597,10.749,10.693,10.674
NIST mAb pH 6,,300,328,N*STYRVVSVLTVLHQDWLNGKEYKCKVSN,4,9.205,8.829,8.955,8.76,9.548,9.699,10.004,9.777,11.241,11.276,11.233,11.333,12.189,12.277,12.231,12.203
NIST mAb pH 6,,303,309,YRVVSVL,2,0.187,0.206,0.187,0.201,0.228,0.26,0.211,0.215,0.275,0.29,0.303,0.323,0.414,0.386,0.395,0.409
NIST mAb pH 6,,304,309,RVVSVL,1,0.147,0.139,0.15,0.143,0.158,0.155,0.156,0.151,0.162,0.163,0.165,0.168,0.188,0.191,0.187,0.193
NIST mAb pH 6,,309,321,LTVLHQDWLNGKE,3,1.577,1.555,1.517,1.559,1.703,1.769,1.818,1.705,2.363,2.327,2.32,2.362,3.293,3.369,3.378,3.34
NIST mAb pH 6,,310,312,TVL,1,0.133,0.127,0.128,0.11,0.192,0.2,0.206,0.189,0.457,0.465,0.459,0.473,0.715,0.712,0.722,0.726
NIST mAb pH 6,,310,321,TVLHQDWLNGKE,3,1.584,1.491,1.53,1.486,1.641,1.693,1.756,1.677,2.258,2.266,2.268,2.269,3.231,3.258,3.238,3.237
NIST mAb pH 6,,310,351,TVLHQDWLNGKEYKCKVSNKALPAPIEKTISKAKGQPREPQV,4,7.599,7.183,7.389,7.112,8.429,8.43,8.625,8.502,10.003,9.965,9.838,10.028,11.41,11.567,11.502,11.402
NIST mAb pH 6,,312,321,LHQDWLNGKE,2,1.737,1.621,1.604,1.793,1.726,1.932,1.953,1.794,2.32,2.39,2.221,2.352,3.157,3.21,2.999,3.24
NIST mAb pH 6,,317,331,LNGKEYKCKVSNKAL,4,2.769,2.55,2.748,2.718,2.78,3.001,3.2,2.964,3.002,3.198,3.086,3.184,3.52,3.45,3.372,3.392
NIST mAb pH 6,,322,351,YKCKVSNKALPAPIEKTISKAKGQPREPQV,4,6.716,6.662,6.702,6.509,7.851,7.813,8.061,8.164,9.136,9.173,9.052,9.297,10.025,10.022,9.8,9.996
NIST mAb pH 6,,322,359,YKCKVSNKALPAPIEKTISKAKGQPREPQVYTLPPSRE,4,8.125,8.022,7.588,8.065,9.13,9.19,9.098,8.998,10.226,10.145,10.176,9.61,10.82,10.57,10.566,10.799
NIST mAb pH 6,,337,351,KTISKAKGQPREPQV,2,4.251,4.186,4.153,4.145,4.535,4.612,4.65,4.598,4.924,4.991,4.965,5,5.207,5.204,5.184,5.156
NIST mAb pH 6,,337,359,KTISKAKGQPREPQVYTLPPSRE,4,6.96,6.726,6.804,6.775,7.498,7.484,7.612,7.304,7.853,7.887,7.669,7.875,8.196,7.938,8.236,8.063
NIST mAb pH 6,,339,351,ISKAKGQPREPQV,3,4.128,4.062,4.053,4.05,4.413,4.444,4.473,4.463,4.739,4.751,4.661,4.79,4.846,4.791,4.745,4.842
NIST mAb pH 6,,352,359,YTLPPSRE,2,2.309,2.248,2.251,2.222,2.283,2.34,2.377,2.342,2.32,2.334,2.312,2.336,2.382,2.39,2.384,2.387
NIST mAb pH 6,,352,368,YTLPPSREEMTKNQVSL,3,5.326,5.198,5.227,5.165,5.412,5.472,5.574,5.491,5.493,5.498,5.468,5.524,5.668,5.705,5.7,5.686
NIST mAb pH 6,,352,370,YTLPPSREEMTKNQVSLTC,3,5.675,5.686,5.677,5.594,5.802,5.798,5.919,5.878,5.773,5.749,5.731,5.843,5.886,5.884,5.834,5.871
NIST mAb pH 6,,360,367,EMTKNQVS,2,2.993,3.013,3.001,2.952,3.074,3.099,3.11,3.08,3.074,3.088,3.069,3.079,3.083,3.095,3.094,3.098
NIST mAb pH 6,,360,368,EMTKNQVSL,1,2.957,2.944,2.94,2.911,2.995,3.046,3.08,3.034,3.064,3.041,2.993,3.043,3.059,3.087,3.034,3.053
NIST mAb pH 6,,360,370,EMTKNQVSLTC,2,2.961,2.909,2.916,2.875,2.957,3.03,3.016,3.116,3.005,2.995,2.981,2.979,3.046,3.022,3.092,3.045
NIST mAb pH 6,,360,371,EMTKNQVSLTCL,2,2.722,2.646,2.649,2.659,2.873,2.777,2.771,2.786,2.737,2.812,2.728,2.714,2.919,2.795,2.881,2.781
NIST mAb pH 6,,362,368,TKNQVSL,2,1.621,1.61,1.546,1.556,1.589,1.594,1.583,1.523,1.608,1.582,1.632,1.571,1.559,1.586,1.631,1.628
NIST mAb pH 6,,369,379,TCLVKGFYPSD,2,1.421,1.789,1.743,1.638,1.689,1.649,1.591,1.586,1.816,1.944,1.931,2.028,2.065,2.086,2.051,1.987
NIST mAb pH 6,,371,379,LVKGFYPSD,2,1.358,1.313,1.32,1.325,1.381,1.38,1.402,1.376,1.519,1.488,1.506,1.524,1.741,1.718,1.706,1.725
NIST mAb pH 6,,372,379,VKGFYPSD,2,1.389,1.271,1.301,1.252,1.327,1.337,1.507,1.406,1.49,1.49,1.468,1.464,1.679,1.682,1.683,1.676
NIST mAb pH 6,,372,381,VKGFYPSDIA,2,1.285,1.183,1.239,1.216,1.284,1.26,1.254,1.331,1.559,1.546,1.584,1.481,1.809,1.813,1.802,1.844
NIST mAb pH 6,,372,383,VKGFYPSDIAVE,2,2.102,2.026,2.064,2.046,2.118,2.104,2.16,2.124,2.301,2.3,2.31,2.33,2.65,2.636,2.669,2.645
NIST mAb pH 6,,380,383,IAVE,1,0.938,0.932,0.925,0.923,0.935,0.939,0.948,0.936,0.938,0.928,0.934,0.934,0.937,0.936,0.94,0.941
NIST mAb pH 6,,380,393,IAVEWESNGQPENN,2,4.341,4.095,4.214,4.095,4.397,4.442,4.6,4.481,5.048,5.082,5.041,5.111,5.43,5.836,5.578,5.505
NIST mAb pH 6,,380,401,IAVEWESNGQPENNYKTTPPVL,3,5.191,5.027,5.121,5.041,5.764,5.912,5.936,5.835,6.935,6.941,6.92,6.992,7.428,7.481,7.358,7.422
NIST mAb pH 6,,380,407,IAVEWESNGQPENNYKTTPPVLDSDGSF,3,6.789,6.575,6.687,6.534,7.058,7.153,7.412,7.43,8.295,8.259,8.219,8.32,8.932,8.957,8.852,8.738
NIST mAb pH 6,,383,401,EWESNGQPENNYKTTPPVL,2,4.368,4.27,4.27,4.214,4.948,5.031,5.126,5.048,6.22,6.218,6.183,6.239,6.707,6.772,6.751,6.728
NIST mAb pH 6,,384,393,WESNGQPENN,1,3.369,3.379,3.354,3.338,3.668,3.72,3.738,3.719,4.37,4.38,4.311,4.375,4.673,4.733,4.7,4.673
NIST mAb pH 6,,384,401,WESNGQPENNYKTTPPVL,2,4.319,4.215,4.242,4.163,4.84,4.939,5.038,4.939,6.004,6.019,5.971,6.032,6.449,6.495,6.482,6.457
NIST mAb pH 6,,394,401,YKTTPPVL,2,1.024,1.012,1.017,1.008,1.198,1.202,1.214,1.207,1.548,1.538,1.545,1.55,1.646,1.655,1.651,1.653
NIST mAb pH 6,,394,407,YKTTPPVLDSDGSF,2,2.831,2.746,2.751,2.713,2.866,2.944,3,2.938,3.2,3.2,3.203,3.228,3.38,3.358,3.383,3.365
NIST mAb pH 6,,395,401,KTTPPVL,2,0.296,0.271,0.271,0.295,0.489,0.49,0.482,0.47,0.822,0.786,0.784,0.828,0.893,0.905,0.894,0.928
NIST mAb pH 6,,402,407,DSDGSF,1,1.326,1.307,1.308,1.298,1.285,1.316,1.317,1.306,1.295,1.299,1.29,1.304,1.313,1.322,1.317,1.316
NIST mAb pH 6,,408,413,FLYSKL,2,0.136,0.136,0.138,0.136,0.145,0.146,0.148,0.14,0.142,0.147,0.145,0.144,0.141,0.141,0.139,0.148
NIST mAb pH 6,,408,426,FLYSKLTVDKSRWQQGNVF,4,4.452,4.302,4.371,4.328,4.749,4.757,4.872,4.828,5.689,5.633,5.641,5.821,6.484,6.488,6.478,6.555
NIST mAb pH 6,,408,429,FLYSKLTVDKSRWQQGNVFSCS,4,4.791,4.68,4.747,4.672,5.078,5.195,5.355,5.312,6.038,5.937,5.992,5.853,6.735,6.802,6.972,6.732
NIST mAb pH 6,,409,412,LYSK,1,0.164,0.148,0.134,0.171,0.15,0.182,0.173,0.138,0.179,0.178,0.152,0.165,0.151,0.146,0.169,0.177
NIST mAb pH 6,,409,413,LYSKL,2,0.114,0.114,0.123,0.13,0.131,0.122,0.137,0.106,0.123,0.131,0.125,0.126,0.132,0.131,0.128,0.124
NIST mAb pH 6,,410,413,YSKL,1,0.164,0.148,0.134,0.134,0.149,0.182,0.148,0.143,0.179,0.178,0.152,0.165,0.151,0.145,0.169,0.177
NIST mAb pH 6,,410,426,YSKLTVDKSRWQQGNVF,4,4.262,4.083,4.183,4.061,4.561,4.568,4.68,4.58,5.266,5.417,5.335,5.406,6.168,6.32,6.268,6.161
NIST mAb pH 6,,414,425,TVDKSRWQQGNV,3,4.142,4.119,4.118,4.058,4.489,4.556,4.555,4.557,5.373,5.317,5.308,5.345,5.991,6.029,5.982,5.991
NIST mAb pH 6,,414,426,TVDKSRWQQGNVF,3,4.104,4.023,4.03,3.981,4.358,4.398,4.454,4.418,5.059,5.063,5.025,5.048,5.609,5.648,5.615,5.597
NIST mAb pH 6,,414,428,TVDKSRWQQGNVFSC,3,4.311,4.212,4.245,4.225,4.543,4.491,4.718,4.646,5.208,5.116,5.163,5.261,5.815,5.675,5.825,5.679
NIST mAb pH 6,,414,431,TVDKSRWQQGNVFSCSVM,3,4.501,4.198,4.379,4.267,4.54,4.565,4.753,4.765,4.987,5.133,5.171,5.162,5.824,5.667,5.736,5.795
NIST mAb pH 6,,414,449,TVDKSRWQQGNVFSCSVMHEALHNHYTQKSLSLSPG,4,9.434,9.742,9.547,9.309,10.183,10.569,10.935,10.871,11.382,11.274,11.526,11.608,12.389,12.216,12.483,12.308
NIST mAb pH 6,,426,449,FSCSVMHEALHNHYTQKSLSLSPG,4,5.625,5.518,5.615,5.428,6.158,6.337,6.4,6.22,6.865,6.947,6.87,6.862,7.369,7.397,7.409,7.283
NIST mAb pH 6,,427,449,SCSVMHEALHNHYTQKSLSLSPG,4,6.008,5.799,5.898,5.832,6.47,6.49,6.698,6.536,7.127,7.146,7.103,7.259,7.618,7.584,7.6,7.554
NIST mAb pH 6,,429,449,SVMHEALHNHYTQKSLSLSPG,4,5.928,5.778,5.89,5.779,6.51,6.646,6.671,6.547,7.078,7.085,7.144,7.142,7.492,7.572,7.466,7.563
NIST mAb pH 6,,430,449,VMHEALHNHYTQKSLSLSPG,4,5.029,4.864,4.932,4.831,5.384,5.476,5.597,5.479,5.965,6.003,5.958,6.005,6.303,6.379,6.321,6.32
NIST mAb pH 6,,431,449,MHEALHNHYTQKSLSLSPG,3,5.065,4.766,4.923,4.637,5.224,5.399,5.418,5.287,5.686,5.822,5.688,5.792,6.111,6.102,6.02,6.017
NIST mAb pH 6,,432,449,HEALHNHYTQKSLSLSPG,4,4.517,4.381,4.412,4.326,4.842,4.942,5.034,4.918,5.356,5.393,5.344,5.39,5.608,5.669,5.638,5.603
NIST mAb pH 6,,434,449,ALHNHYTQKSLSLSPG,4,4.079,3.948,3.985,3.923,4.401,4.457,4.519,4.438,4.903,4.909,4.877,4.902,5.117,5.153,5.1,5.089
NIST mAb pH 6,,436,449,HNHYTQKSLSLSPG,4,4.015,3.912,3.928,3.863,4.266,4.383,4.39,4.341,4.74,4.772,4.7,4.752,4.904,4.917,4.94,4.935
NIST mAb pH 6,,440,449,TQKSLSLSPG,2,2.858,2.851,2.818,2.862,3.239,3.127,3.13,3.156,3.419,3.375,3.344,3.42,3.433,3.565,3.753,3.489
NIST mAb pH 6,,444,449,LSLSPG,1,2.019,1.995,1.992,1.964,2.245,2.27,2.32,2.28,2.532,2.545,2.522,2.535,2.576,2.595,2.585,2.576
NIST mAb pH 6,,445,449,SLSPG,1,1.493,1.454,1.502,1.444,1.535,1.5,1.522,1.538,1.572,1.584,1.545,1.574,1.593,1.623,1.63,1.593
NIST mAb pH 5,,5,11,RESGPAL,1,1.768,1.992,1.976,1.758,1.791,1.841,1.814,1.927,2.244,2.335,2.291,2.318,2.441,2.487,2.617,2.486
NIST mAb pH 5,,5,19,RESGPALVKPTQTLT,3,3.429,3.475,3.448,3.391,4.092,4.122,4.184,4.148,4.904,4.989,4.994,4.956,5.422,5.36,5.401,5.435
NIST mAb pH 5,,5,20,RESGPALVKPTQTLTL,3,3.325,3.433,3.507,3.398,3.884,3.859,3.978,4.055,4.628,4.668,4.783,4.795,4.929,5.135,4.994,5.099
NIST mAb pH 5,,21,26,TCTFSG,1,0.912,1.191,1.062,1.068,1.083,1.392,1.108,1.127,1.479,1.601,1.358,1.324,1.965,1.523,1.564,1.707
NIST mAb pH 5,,27,50,FSLSTAGMSVGWIRQPPGKALEWL,3,4.899,4.965,5.019,4.561,5.459,5.548,5.613,5.572,5.841,5.86,5.932,5.903,5.966,5.943,6.032,6.065
NIST mAb pH 5,,28,50,SLSTAGMSVGWIRQPPGKALEWL,3,4.148,4.175,4.281,4.049,4.675,4.783,5.017,4.968,5.005,5.141,5.237,5.281,5.101,5.158,5.299,5.421
NIST mAb pH 5,,35,50,SVGWIRQPPGKALEWL,3,2.577,2.603,2.657,2.534,2.983,2.97,2.997,3.093,3.097,3.118,3.143,3.111,3.155,3.141,3.178,3.185
NIST mAb pH 5,,35,52,SVGWIRQPPGKALEWLAD,3,2.99,2.665,3.067,2.591,2.74,2.527,2.921,2.737,2.852,2.927,2.853,2.977,2.941,2.927,3.06,3.025
NIST mAb pH 5,,36,47,VGWIRQPPGKAL,3,1.933,2.032,2.085,1.889,2.079,2.209,2.141,1.913,1.959,2.064,2.22,2.067,NA,2.017,2.19,2.134
NIST mAb pH 5,,36,48,VGWIRQPPGKALE,3,2.19,2.235,2.399,2.169,2.439,2.3,2.445,2.687,2.32,2.302,2.569,2.522,2.592,2.499,2.342,2.408
NIST mAb pH 5,,36,50,VGWIRQPPGKALEWL,3,2.386,2.435,2.427,2.414,2.829,2.842,2.87,2.883,2.905,2.984,2.976,3.055,3.008,3.026,3.054,3.061
NIST mAb pH 5,,38,50,WIRQPPGKALEWL,3,2.245,2.4,2.567,2.271,2.611,2.577,2.536,2.732,2.78,2.917,2.988,2.701,2.715,2.755,2.885,2.888
NIST mAb pH 5,,39,50,IRQPPGKALEWL,3,2.437,2.454,2.615,2.515,2.707,2.821,2.942,2.983,2.904,2.878,3.015,2.999,3.158,2.916,3.053,2.951
NIST mAb pH 5,,47,50,LEWL,1,0.5,0.525,0.496,0.487,0.697,0.762,0.757,0.712,0.785,0.786,0.823,0.798,0.919,0.769,0.775,0.798
NIST mAb pH 5,,47,54,LEWLADIW,1,1.442,1.508,1.501,1.455,1.75,1.786,1.803,1.833,2.584,2.608,2.653,2.625,3.081,3.076,3.182,3.152
NIST mAb pH 5,,49,52,WLAD,1,0.214,0.164,0.184,0.216,0.128,0.151,0.201,0.151,0.167,0.051,0.108,0.117,0.24,0.17,0.075,0.145
NIST mAb pH 5,,49,65,WLADIWWDDKKHYNPSL,4,1.923,2.045,1.945,1.839,1.966,2.186,2.19,2.16,2.488,2.568,2.349,2.523,2.992,2.852,2.787,2.77
NIST mAb pH 5,,49,69,WLADIWWDDKKHYNPSLKDRL,5,2.492,2.461,2.518,2.401,2.981,3.312,3.154,3.189,4.061,4.111,4.175,4.076,4.949,4.711,4.761,4.97
NIST mAb pH 5,,51,65,ADIWWDDKKHYNPSL,4,1.979,2.021,2.012,1.891,2.13,2.187,2.416,2.346,2.496,2.627,2.589,2.582,2.809,2.684,2.891,2.957
NIST mAb pH 5,,51,69,ADIWWDDKKHYNPSLKDRL,4,2.449,2.598,2.766,2.495,3.154,3.331,3.474,3.48,4.301,4.46,4.523,4.43,5.116,5.007,5.151,5.288
NIST mAb pH 5,,53,65,IWWDDKKHYNPSL,3,2.319,2.484,2.402,2.173,2.388,2.321,2.295,2.547,2.647,2.862,2.868,2.837,3.775,3.225,3.221,3.419
NIST mAb pH 5,,53,69,IWWDDKKHYNPSLKDRL,4,2.591,2.76,2.876,2.5,3.3,3.317,3.303,3.447,4.446,4.431,4.653,4.628,5.301,5.187,5.349,5.553
NIST mAb pH 5,,66,82,KDRLTISKDTSKNQVVL,4,4.246,4.273,4.347,4.183,4.588,4.662,4.692,4.779,5.259,5.331,5.477,5.367,5.696,5.767,5.921,5.941
NIST mAb pH 5,,68,82,RLTISKDTSKNQVVL,3,3.586,3.576,3.583,3.482,4.006,3.889,3.838,3.777,4.035,4.168,4.36,4.226,4.144,4.281,4.293,4.37
NIST mAb pH 5,,70,82,TISKDTSKNQVVL,3,3.425,3.473,3.541,3.388,3.545,3.598,3.619,3.668,3.795,3.772,4.003,3.86,3.967,3.876,3.933,4.065
NIST mAb pH 5,,83,94,KVTNMDPADTAT,1,1.173,1.156,1.332,1.229,1.424,1.547,1.346,1.66,1.698,1.72,1.858,1.728,2.003,2.012,2.233,2.061
NIST mAb pH 5,,95,105,YYCARDMIFNF,2,1.929,2.106,1.871,2.005,2.329,2.28,2.345,2.327,2.696,2.912,2.82,2.836,3.192,2.881,2.763,2.961
NIST mAb pH 5,,97,105,CARDMIFNF,2,1.644,1.606,1.461,1.746,1.869,2.044,1.841,2.111,2.538,2.485,2.348,2.396,2.691,2.439,2.538,2.451
NIST mAb pH 5,,101,105,MIFNF,1,1.538,1.432,1.563,1.307,1.751,1.932,1.722,1.773,2.069,2.07,1.979,1.964,2.029,1.896,1.898,2
NIST mAb pH 5,,120,140,SASTKGPSVFPLAPSSKSTSG,3,5.298,5.358,5.417,5.258,5.438,5.496,5.561,5.627,5.569,5.635,5.768,5.676,5.85,5.83,5.924,5.993
NIST mAb pH 5,,130,145,PLAPSSKSTSGGTAAL,2,5.375,5.406,5.335,5.321,5.633,5.69,5.529,5.702,5.759,5.894,5.903,5.669,6.219,6.032,6.415,6.291
NIST mAb pH 5,,148,158,LVKDYFPEPVT,2,1.137,1.202,1.219,1.173,1.384,1.402,1.36,1.444,1.776,1.808,1.807,1.778,2.064,2.085,2.179,2.166
NIST mAb pH 5,,148,177,LVKDYFPEPVTVSWNSGALTSGVHTFPAVL,3,8.455,8.697,8.822,8.712,9.93,10.008,10.04,10.32,10.967,11.007,11.25,11.117,11.362,11.245,11.48,11.575
NIST mAb pH 5,,149,158,VKDYFPEPVT,2,0.972,1.012,0.983,0.991,1.299,1.325,1.304,1.358,1.691,1.704,1.727,1.716,1.992,1.998,2.036,2.027
NIST mAb pH 5,,149,161,VKDYFPEPVTVSW,2,2.62,2.686,2.297,2.413,3.461,3.414,3.108,3.308,3.491,3.687,3.724,3.34,3.794,3.591,3.932,4.055
NIST mAb pH 5,,149,177,VKDYFPEPVTVSWNSGALTSGVHTFPAVL,3,8.346,8.437,8.486,8.342,9.602,9.678,9.744,9.9,10.459,10.614,10.856,10.767,10.906,10.926,11.032,11.169
NIST mAb pH 5,,149,182,VKDYFPEPVTVSWNSGALTSGVHTFPAVLQSSGL,4,9.599,9.497,9.742,9.496,10.53,10.851,10.937,10.96,11.89,11.807,12.157,11.807,12.457,12.4,12.465,12.767
NIST mAb pH 5,,159,177,VSWNSGALTSGVHTFPAVL,3,6.753,6.833,6.966,6.701,7.676,7.804,7.802,7.907,8.183,8.334,8.45,8.276,8.467,8.417,8.653,8.794
NIST mAb pH 5,,159,182,VSWNSGALTSGVHTFPAVLQSSGL,3,8.352,8.168,8.491,8.176,8.992,9.332,9.134,9.283,9.74,9.963,10.348,10.309,10.402,10.332,10.5,10.39
NIST mAb pH 5,,162,177,NSGALTSGVHTFPAVL,2,6.191,6.179,6.427,6.074,6.573,6.56,6.725,6.723,6.769,6.876,7.095,7.08,6.92,6.803,7.012,7.205
NIST mAb pH 5,,166,177,LTSGVHTFPAVL,2,3.24,2.867,2.924,2.785,3.102,3.418,3.377,3.28,3.224,3.661,3.725,3.414,3.171,3.217,3.4,3.49
NIST mAb pH 5,,167,177,TSGVHTFPAVL,2,2.457,2.558,2.553,2.428,2.639,2.777,2.788,2.846,2.807,2.917,2.993,2.872,2.867,2.828,2.931,2.843
NIST mAb pH 5,,171,177,HTFPAVL,2,1.534,1.539,1.548,1.46,1.614,1.527,1.594,1.545,1.52,1.551,1.615,1.579,1.699,1.563,1.634,1.591
NIST mAb pH 5,,178,182,QSSGL,1,1.144,1.171,1.113,1.117,1.321,1.388,1.385,1.407,1.575,1.55,1.601,1.574,1.724,1.675,1.693,1.677
NIST mAb pH 5,,183,187,YSLSS,1,0.218,0.232,0.226,0.223,0.228,0.223,0.237,0.233,0.25,0.247,0.247,0.248,0.249,0.261,0.267,0.268
NIST mAb pH 5,,183,188,YSLSSV,1,0.228,0.236,0.227,0.229,0.266,0.269,0.246,0.259,0.289,0.293,0.271,0.279,0.258,0.299,0.318,0.294
NIST mAb pH 5,,183,196,YSLSSVVTVPSSSL,2,2.829,2.919,2.897,2.833,2.937,2.95,2.886,2.938,3.151,3,2.994,2.936,3.123,3.389,3.205,3.141
NIST mAb pH 5,,183,200,YSLSSVVTVPSSSLGTQT,2,7.208,7.362,7.512,7.322,7.037,6.847,6.932,7.136,6.594,6.457,6.597,6.703,6.416,6.375,6.332,6.49
NIST mAb pH 5,,186,200,SSVVTVPSSSLGTQT,1,6.155,6.291,6.342,5.981,6.175,6.235,6.054,6.339,5.917,6.057,6.111,6.095,5.898,5.962,6.032,6.036
NIST mAb pH 5,,188,196,VVTVPSSSL,1,3.006,3.017,3.035,3.021,3.09,3.085,3.095,3.132,3.069,3.116,3.152,3.099,3.119,3.096,3.146,3.149
NIST mAb pH 5,,188,200,VVTVPSSSLGTQT,2,5.785,5.803,5.857,5.742,5.799,5.888,5.896,5.911,5.763,5.852,5.918,5.867,5.829,5.804,5.897,5.886
NIST mAb pH 5,,188,201,VVTVPSSSLGTQTY,2,5.362,5.313,5.174,5.389,5.793,5.841,5.73,5.651,6.061,5.928,6.109,6.017,6.12,6.056,6.214,6.322
NIST mAb pH 5,,189,196,VTVPSSSL,1,2.89,2.851,2.85,2.858,2.94,2.981,2.945,2.952,2.972,3.023,3.014,3.011,3.04,3.016,3.053,3.061
NIST mAb pH 5,,189,200,VTVPSSSLGTQT,1,5.969,5.991,6.043,5.92,5.978,6.057,6.046,6.107,5.934,6.024,6.062,6.021,5.962,5.949,5.996,6.032
NIST mAb pH 5,,189,201,VTVPSSSLGTQTY,2,6.821,6.763,6.792,6.549,6.653,6.702,6.962,6.782,7.092,6.915,7.045,7.035,6.912,7.056,6.963,6.779
NIST mAb pH 5,,201,212,YICNVNHKPSNT,2,5.809,5.855,5.904,5.786,6.244,6.357,6.385,6.394,6.696,6.787,6.844,6.796,7.083,7.063,7.112,7.116
NIST mAb pH 5,,201,237,YICNVNHKPSNTKVDKRVEPKSCDKTHTCPPCPAPEL,4,7.665,8.111,8.172,7.645,8.027,8.109,8.455,8.618,8.077,8.349,8.798,8.521,8.29,8.303,8.71,8.833
NIST mAb pH 5,,201,243,YICNVNHKPSNTKVDKRVEPKSCDKTHTCPPCPAPELLGGPSV,5,8.926,9.489,9.457,8.743,9.05,9.274,9.603,9.821,9.467,9.84,10.111,9.784,9.66,9.683,10.286,10.343
NIST mAb pH 5,,225,237,KTHTCPPCPAPEL,3,3.331,3.304,3.296,3.285,3.175,3.303,3.204,3.301,3.2,3.377,3.343,3.289,3.665,3.266,3.322,3.343
NIST mAb pH 5,,238,243,LGGPSV,1,1.459,1.479,1.489,1.447,1.668,1.701,1.71,1.724,2.09,2.114,2.153,2.124,2.393,2.379,2.411,2.42
NIST mAb pH 5,,238,244,LGGPSVF,1,1.115,1.138,1.164,1.106,1.309,1.374,1.381,1.396,1.704,1.742,1.779,1.747,2.013,2.002,2.038,2.049
NIST mAb pH 5,,238,254,LGGPSVFLFPPKPKDTL,3,3.08,3.137,3.061,2.888,3.901,3.906,4.01,4.013,5.207,5.137,5.394,5.281,5.692,5.545,5.582,5.686
NIST mAb pH 5,,238,255,LGGPSVFLFPPKPKDTLM,3,3.303,3.342,3.382,3.218,4.438,4.514,4.466,4.623,5.755,5.822,5.915,5.845,6.243,6.204,6.337,6.399
NIST mAb pH 5,,244,254,FLFPPKPKDTL,3,2.13,2.148,2.175,2.121,2.711,2.731,2.749,2.796,3.272,3.298,3.362,3.325,3.477,3.43,3.48,3.508
NIST mAb pH 5,,244,255,FLFPPKPKDTLM,3,2.316,2.341,2.365,2.298,3.061,3.092,3.11,3.16,3.741,3.786,3.868,3.812,3.932,3.91,3.975,4.014
NIST mAb pH 5,,245,254,LFPPKPKDTL,3,2.168,2.188,2.208,2.152,2.789,2.805,2.812,2.85,3.345,3.382,3.437,3.399,3.519,3.499,3.56,3.559
NIST mAb pH 5,,245,255,LFPPKPKDTLM,3,2.37,2.39,2.414,2.347,3.132,3.17,3.193,3.229,3.838,3.878,3.954,3.888,4.017,3.994,4.057,4.075
NIST mAb pH 5,,247,254,PPKPKDTL,2,2.083,2.079,2.094,2.062,2.636,2.67,2.645,2.73,3.201,3.169,3.275,3.198,3.346,3.272,3.337,3.374
NIST mAb pH 5,,247,255,PPKPKDTLM,2,2.082,2.119,2.118,2.07,2.747,2.792,2.799,2.822,3.35,3.408,3.457,3.395,3.508,3.483,3.55,3.548
NIST mAb pH 5,,255,263,MISRTPEVT,2,2.547,2.584,2.619,2.506,2.566,2.683,2.615,2.63,2.76,2.801,2.898,2.808,2.931,2.982,2.989,3.019
NIST mAb pH 5,,255,264,MISRTPEVTC,1,2.581,2.894,2.801,2.659,2.88,2.869,2.904,2.908,2.786,2.784,2.995,2.9,3.114,3.177,3.222,3.339
NIST mAb pH 5,,255,265,MISRTPEVTCV,2,2.206,2.301,2.298,2.192,2.284,2.253,2.336,2.386,2.333,2.416,2.479,2.429,2.517,2.518,2.556,2.59
NIST mAb pH 5,,256,263,ISRTPEVT,1,1.851,1.764,1.871,1.859,1.979,1.882,2.003,2.008,2.046,2.095,2.253,2.197,2.27,2.334,2.3,2.364
NIST mAb pH 5,,256,264,ISRTPEVTC,2,1.921,1.938,1.967,1.909,1.977,2.011,2.015,2.048,2.177,2.215,2.262,2.212,2.356,2.385,2.447,2.479
NIST mAb pH 5,,256,265,ISRTPEVTCV,2,1.684,1.699,1.737,1.68,1.72,1.769,1.768,1.805,1.835,1.877,1.925,1.889,1.983,1.999,2.052,2.101
NIST mAb pH 5,,264,280,CVVVDVSHEDPEVKFNW,3,3.49,3.313,3.342,3.456,3.871,4.052,4.031,3.915,4.504,4.656,4.741,4.691,5.027,5,5.06,5.168
NIST mAb pH 5,,265,268,VVVD,1,0.934,0.927,0.938,0.93,0.933,0.938,0.933,0.943,0.927,0.936,0.946,0.937,0.931,0.935,0.939,0.943
NIST mAb pH 5,,265,278,VVVDVSHEDPEVKF,3,2.975,3.046,3.089,2.858,3.417,3.499,3.488,3.631,3.932,3.911,4.003,4.003,4.267,4.231,4.288,4.441
NIST mAb pH 5,,265,280,VVVDVSHEDPEVKFNW,3,3.138,3.18,3.206,3.114,3.651,3.689,3.714,3.778,4.233,4.258,4.336,4.307,4.718,4.741,4.796,4.866
NIST mAb pH 5,,266,280,VVDVSHEDPEVKFNW,3,3.183,3.208,3.234,3.153,3.675,3.699,3.728,3.78,4.185,4.196,4.287,4.27,4.628,4.636,4.706,4.787
NIST mAb pH 5,,267,280,VDVSHEDPEVKFNW,3,2.972,3.003,2.992,2.967,3.388,3.411,3.422,3.467,3.74,3.753,3.83,3.805,4.054,4.072,4.09,4.151
NIST mAb pH 5,,269,280,VSHEDPEVKFNW,3,2.375,2.411,2.421,2.355,2.638,2.669,2.691,2.717,2.858,2.876,2.935,2.891,3.105,3.094,3.146,3.185
NIST mAb pH 5,,290,314,AKTKPREEQYN*STYRVVSVLTVLHQ,4,8.099,8.253,8.275,7.907,8.98,9.138,9.288,9.402,10.232,10.26,10.635,10.427,10.542,10.432,10.703,10.836
NIST mAb pH 5,,300,328,N*STYRVVSVLTVLHQDWLNGKEYKCKVSN,4,9.491,9.703,9.777,9.349,10.434,10.581,10.8,10.936,11.656,11.794,12.214,11.946,12.033,11.907,12.227,12.386
NIST mAb pH 5,,303,309,YRVVSVL,2,0.246,0.179,0.239,0.224,0.293,0.256,0.304,0.31,0.467,0.454,0.525,0.547,0.785,0.874,0.958,1.088
NIST mAb pH 5,,304,309,RVVSVL,1,0.155,0.159,0.167,0.166,0.175,0.171,0.18,0.179,0.208,0.215,0.225,0.221,0.232,0.285,0.305,0.323
NIST mAb pH 5,,309,321,LTVLHQDWLNGKE,3,2.209,2.259,2.288,2.153,2.796,2.76,2.848,2.859,3.951,4.044,4.107,4.018,4.781,4.79,4.869,4.918
NIST mAb pH 5,,310,312,TVL,1,0.227,0.214,0.223,0.234,0.398,0.401,0.412,0.392,0.751,0.78,0.776,0.765,0.796,0.782,0.792,0.796
NIST mAb pH 5,,310,321,TVLHQDWLNGKE,3,2.191,2.21,2.246,2.144,2.693,2.73,2.789,2.832,3.871,3.935,4.041,3.969,4.752,4.711,4.82,4.949
NIST mAb pH 5,,310,351,TVLHQDWLNGKEYKCKVSNKALPAPIEKTISKAKGQPREPQV,4,8.462,8.53,8.643,8.425,9.869,9.773,9.995,10.21,11.801,11.832,12.264,12.127,13.066,13.143,13.171,13.79
NIST mAb pH 5,,312,321,LHQDWLNGKE,2,2.258,2.26,2.181,2.17,2.671,2.645,2.828,2.794,3.426,3.434,3.796,3.991,4.058,4.33,4.241,4.299
NIST mAb pH 5,,317,331,LNGKEYKCKVSNKAL,4,2.746,2.898,2.837,2.618,2.882,2.866,3.031,3.166,3.055,3.017,3.278,3.188,3.423,3.213,3.257,3.404
NIST mAb pH 5,,322,351,YKCKVSNKALPAPIEKTISKAKGQPREPQV,4,7.535,7.596,7.848,7.264,8.638,8.855,8.792,8.771,9.745,9.535,10.042,10.095,9.983,10.34,10.645,10.63
NIST mAb pH 5,,322,359,YKCKVSNKALPAPIEKTISKAKGQPREPQVYTLPPSRE,4,8.661,8.873,8.466,8.512,9.825,9.519,9.255,9.765,10.35,10.225,10.779,10.463,11.145,10.994,11.497,11.238
NIST mAb pH 5,,337,351,KTISKAKGQPREPQV,2,4.412,4.445,4.462,4.362,4.651,4.766,4.794,4.856,5.101,5.182,5.272,5.211,5.313,5.38,5.562,5.627
NIST mAb pH 5,,337,359,KTISKAKGQPREPQVYTLPPSRE,4,6.886,6.992,7.119,6.913,7.15,7.384,7.481,7.489,7.588,7.695,7.973,7.824,7.819,8,8.25,8.316
NIST mAb pH 5,,339,351,ISKAKGQPREPQV,3,4.303,4.32,4.369,4.267,4.498,4.596,4.582,4.62,4.836,4.896,4.991,4.922,5.007,5.054,5.136,5.259
NIST mAb pH 5,,352,359,YTLPPSRE,2,2.28,2.317,2.34,2.262,2.299,2.35,2.372,2.394,2.343,2.39,2.448,2.396,2.485,2.479,2.537,2.545
NIST mAb pH 5,,352,368,YTLPPSREEMTKNQVSL,3,5.306,5.36,5.424,5.248,5.439,5.492,5.559,5.623,5.567,5.627,5.763,5.675,5.841,5.817,5.937,5.982
NIST mAb pH 5,,352,370,YTLPPSREEMTKNQVSLTC,3,5.69,5.824,5.792,5.682,5.666,5.787,5.864,5.903,5.814,5.866,5.926,5.876,5.991,6.014,6.027,6.153
NIST mAb pH 5,,360,367,EMTKNQVS,2,3.022,3.018,3.022,2.994,3.052,3.068,3.078,3.121,3.059,3.097,3.115,3.113,3.112,3.115,3.167,3.155
NIST mAb pH 5,,360,368,EMTKNQVSL,1,2.959,2.974,3.006,2.947,2.999,3.066,3.055,3.056,2.99,3.03,3.085,3.025,3.057,3.045,3.09,3.104
NIST mAb pH 5,,360,370,EMTKNQVSLTC,2,2.929,2.959,2.987,2.922,2.984,3.01,3.065,3.096,3.018,3.061,3.095,3.068,3.09,3.056,3.112,3.12
NIST mAb pH 5,,360,371,EMTKNQVSLTCL,2,2.746,2.842,2.84,2.675,2.742,2.81,2.95,2.911,2.816,2.776,2.984,2.834,2.842,2.915,2.941,2.96
NIST mAb pH 5,,362,368,TKNQVSL,2,1.537,1.582,1.554,1.548,1.579,1.535,1.554,1.569,1.543,1.598,1.611,1.577,1.594,1.591,1.605,1.583
NIST mAb pH 5,,369,379,TCLVKGFYPSD,2,1.765,2.143,1.771,2.291,1.939,2.335,1.83,1.884,2.088,1.928,1.945,1.959,2.063,2.197,2.107,1.989
NIST mAb pH 5,,371,379,LVKGFYPSD,2,1.613,1.55,1.525,1.49,1.587,1.589,1.629,1.64,1.772,1.671,1.75,1.779,1.824,1.776,1.805,1.833
NIST mAb pH 5,,372,379,VKGFYPSD,2,1.443,1.464,1.47,1.429,1.541,1.57,1.576,1.597,1.65,1.662,1.685,1.66,1.759,1.769,1.79,1.803
NIST mAb pH 5,,372,381,VKGFYPSDIA,2,1.447,1.597,1.537,1.436,1.818,1.88,1.9,1.896,2.197,2.211,2.342,2.419,2.612,2.484,2.531,2.696
NIST mAb pH 5,,372,383,VKGFYPSDIAVE,2,2.323,2.29,2.32,2.284,2.454,2.476,2.498,2.532,2.88,2.887,2.957,2.947,3.211,3.24,3.248,3.332
NIST mAb pH 5,,380,383,IAVE,1,0.934,0.927,0.937,0.93,0.932,0.937,0.933,0.942,0.927,0.936,0.946,0.937,0.931,0.934,0.938,0.943
NIST mAb pH 5,,380,393,IAVEWESNGQPENN,2,4.564,4.607,4.749,4.437,5.015,5.19,5.157,5.254,5.664,5.637,5.827,5.661,5.745,5.551,5.821,6.112
NIST mAb pH 5,,380,401,IAVEWESNGQPENNYKTTPPVL,3,5.513,5.585,5.64,5.467,6.309,6.414,6.459,6.558,7.263,7.327,7.474,7.414,7.447,7.394,7.451,7.595
NIST mAb pH 5,,380,407,IAVEWESNGQPENNYKTTPPVLDSDGSF,3,6.964,7.123,7.134,6.861,7.652,7.791,7.921,7.961,8.384,8.519,8.784,8.634,8.701,8.583,8.721,8.816
NIST mAb pH 5,,383,401,EWESNGQPENNYKTTPPVL,2,4.699,4.733,4.79,4.653,5.552,5.644,5.715,5.754,6.51,6.604,6.761,6.652,6.65,6.644,6.761,6.814
NIST mAb pH 5,,384,393,WESNGQPENN,1,3.721,3.755,3.743,3.678,4.25,4.287,4.312,4.329,4.718,4.742,4.844,4.761,4.753,4.743,4.819,4.811
NIST mAb pH 5,,384,401,WESNGQPENNYKTTPPVL,2,4.594,4.654,4.708,4.539,5.393,5.489,5.54,5.597,6.263,6.369,6.508,6.402,6.408,6.362,6.51,6.546
NIST mAb pH 5,,394,401,YKTTPPVL,2,1.02,1.023,1.026,1.018,1.2,1.213,1.219,1.226,1.54,1.555,1.57,1.558,1.63,1.622,1.633,1.646
NIST mAb pH 5,,394,407,YKTTPPVLDSDGSF,2,2.784,2.846,2.819,2.738,2.85,2.951,2.961,3.034,3.244,3.288,3.342,3.296,3.286,3.251,3.365,3.398
NIST mAb pH 5,,395,401,KTTPPVL,2,0.337,0.303,0.299,0.28,0.483,0.501,0.481,0.488,0.798,0.805,0.819,0.829,0.899,0.884,0.886,0.898
NIST mAb pH 5,,402,407,DSDGSF,1,1.288,1.3,1.314,1.28,1.267,1.302,1.302,1.316,1.289,1.305,1.322,1.306,1.306,1.306,1.334,1.339
NIST mAb pH 5,,408,413,FLYSKL,2,0.146,0.136,0.143,0.141,0.143,0.144,0.146,0.148,0.142,0.147,0.148,0.147,0.153,0.152,0.156,0.164
NIST mAb pH 5,,408,426,FLYSKLTVDKSRWQQGNVF,4,4.443,4.495,4.518,4.423,4.909,4.89,4.934,5.016,5.843,5.896,6.059,5.934,6.618,6.592,6.582,6.674
NIST mAb pH 5,,408,429,FLYSKLTVDKSRWQQGNVFSCS,4,4.877,4.853,4.952,4.873,5.327,5.351,5.335,5.369,6.207,6.137,6.359,6.218,6.96,6.918,6.943,6.961
NIST mAb pH 5,,409,412,LYSK,1,0.151,0.152,0.164,0.161,0.159,0.155,0.162,0.147,0.138,0.14,0.151,0.145,0.16,0.139,0.144,0.157
NIST mAb pH 5,,409,413,LYSKL,2,0.181,0.153,0.183,0.165,0.159,0.163,0.158,0.189,0.158,0.141,0.164,0.128,0.17,0.148,0.134,0.127
NIST mAb pH 5,,410,413,YSKL,1,0.15,0.151,0.164,0.16,0.159,0.155,0.161,0.147,0.137,0.14,0.151,0.144,0.16,0.139,0.143,0.157
NIST mAb pH 5,,410,426,YSKLTVDKSRWQQGNVF,4,4.289,4.31,4.351,4.27,4.688,4.721,4.797,4.853,5.567,5.6,5.78,5.764,6.326,6.342,6.439,6.461
NIST mAb pH 5,,414,425,TVDKSRWQQGNV,3,4.184,4.187,4.259,4.151,4.577,4.629,4.635,4.674,5.455,5.527,5.597,5.519,6.14,6.063,6.181,6.179
NIST mAb pH 5,,414,426,TVDKSRWQQGNVF,3,4.077,4.119,4.156,4.041,4.404,4.479,4.499,4.543,5.129,5.238,5.302,5.221,5.675,5.657,5.766,5.798
NIST mAb pH 5,,414,428,TVDKSRWQQGNVFSC,3,4.311,4.373,4.425,4.25,4.64,4.638,4.66,4.759,5.271,5.277,5.447,5.386,5.738,5.735,5.822,5.971
NIST mAb pH 5,,414,431,TVDKSRWQQGNVFSCSVM,3,4.328,4.405,4.295,4.283,4.458,4.566,4.596,4.775,5.374,5.259,5.545,5.443,5.832,5.737,5.84,5.765
NIST mAb pH 5,,414,449,TVDKSRWQQGNVFSCSVMHEALHNHYTQKSLSLSPG,4,10.248,10.15,10.193,10.447,11.085,11.423,12.193,11.252,12.955,12.683,12.997,12.644,13.112,13.481,13.584,13.597
NIST mAb pH 5,,426,449,FSCSVMHEALHNHYTQKSLSLSPG,4,6.368,6.755,6.647,6.474,6.963,7.11,7.352,7.589,7.699,8.168,8.227,8.267,8.205,8.454,8.583,8.539
NIST mAb pH 5,,427,449,SCSVMHEALHNHYTQKSLSLSPG,4,6.633,6.674,6.744,6.567,7.437,7.425,7.594,7.614,8.177,8.219,8.508,8.373,8.584,8.605,8.738,8.911
NIST mAb pH 5,,429,449,SVMHEALHNHYTQKSLSLSPG,4,6.569,6.619,6.693,6.524,7.319,7.143,7.411,7.491,8.014,8.045,8.326,8.205,8.304,8.423,8.467,8.792
NIST mAb pH 5,,430,449,VMHEALHNHYTQKSLSLSPG,4,5.436,5.52,5.573,5.362,6.012,6.084,6.188,6.282,6.706,6.799,7.01,6.906,7.033,7.074,7.338,7.422
NIST mAb pH 5,,431,449,MHEALHNHYTQKSLSLSPG,3,5.211,5.354,5.441,5.163,5.783,5.878,5.902,6.121,6.402,6.58,7.068,6.638,6.827,6.921,7.284,7.214
NIST mAb pH 5,,432,449,HEALHNHYTQKSLSLSPG,4,4.757,4.854,4.894,4.707,5.307,5.401,5.456,5.539,5.93,6.05,6.227,6.099,6.266,6.31,6.531,6.584
NIST mAb pH 5,,434,449,ALHNHYTQKSLSLSPG,4,4.223,4.257,4.316,4.161,4.628,4.735,4.791,4.852,5.072,5.119,5.251,5.168,5.345,5.369,5.507,5.559
NIST mAb pH 5,,436,449,HNHYTQKSLSLSPG,4,4.099,4.133,4.16,4.076,4.48,4.564,4.625,4.661,4.909,4.985,5.1,4.998,5.169,5.227,5.372,5.395
NIST mAb pH 5,,440,449,TQKSLSLSPG,2,2.951,2.921,2.895,3.003,3.207,3.264,3.395,3.2,3.37,3.569,3.491,3.477,3.608,3.557,3.587,3.508
NIST mAb pH 5,,444,449,LSLSPG,1,2.055,2.084,2.09,2.039,2.328,2.374,2.385,2.405,2.525,2.553,2.604,2.584,2.535,2.525,2.564,2.573
NIST mAb pH 5,,445,449,SLSPG,1,1.467,1.494,1.52,1.443,1.526,1.541,1.577,1.574,1.596,1.633,1.628,1.617,1.594,1.563,1.58,1.612